id,name,stationId,order
alconbury-brook,Alconbury Brook,6075,1
alconbury-brook,Alconbury Brook,6161,2
alconbury-brook,Alconbury Brook,6150,3
aldford-brook,Aldford Brook,4174,1
alwen,Alwen,4166,1
amwell-loop,Amwell Loop,9047,1
ash-brook,Ash Brook,2199,1
alyn,Alyn,4186,1
alyn,Alyn,4242,2
alyn,Alyn,4243,3
alyn,Alyn,4182,4
alyn,Alyn,4244,5
badsey-brook,Badsey Brook,2015,1
barton-haven,Barton Haven,6242,1
barnham-rife,Barnham Rife,9251,1
babingley-river,Babingley River,6248,1
bin-brook,Bin Brook,6246,1
bourn-brook,Bourn Brook,6262,1
bourn-brook,Bourn Brook,6197,2
clipstone-brook,Clipstone Brook,6156,1
river-crake,River Crake,5165,1
river-crake,River Crake,5092,2
heacham-river,Heacham River,6268,1
river-little-ouse,River Little Ouse,6270,1
river-little-ouse,River Little Ouse,6247,2
river-little-ouse,River Little Ouse,6257,3
twin,Twin,6263,1
river-cam-cambridgeshire,River Cam,6189,1
river-cam-cambridgeshire,River Cam,6190,2
river-cam-cambridgeshire,River Cam,6192,3
river-cam-cambridgeshire,River Cam,6193,4
river-cam-cambridgeshire,River Cam,6198,5
river-rhee,River Rhee,6196,1
river-rhee,River Rhee,6199,2
river-rhee,River Rhee,6191,3
river-flit,River Flit,6077,1
river-granta,River Granta,6074,1
river-granta,River Granta,6194,2
river-granta,River Granta,6195,3
river-great-ouse,River Great Ouse,6158,1
river-great-ouse,River Great Ouse,6183,2
river-great-ouse,River Great Ouse,6159,3
river-great-ouse,River Great Ouse,6274,4
river-great-ouse,River Great Ouse,6185,5
river-great-ouse,River Great Ouse,6163,6
river-great-ouse,River Great Ouse,6387,7
river-great-ouse,River Great Ouse,6162,8
river-great-ouse,River Great Ouse,6276,9
river-great-ouse,River Great Ouse,6166,10
river-great-ouse,River Great Ouse,6167,11
river-great-ouse,River Great Ouse,6168,12
river-great-ouse,River Great Ouse,6291,13
river-great-ouse,River Great Ouse,6169,14
river-great-ouse,River Great Ouse,6289,15
river-great-ouse,River Great Ouse,6171,16
river-great-ouse,River Great Ouse,6172,17
river-great-ouse,River Great Ouse,6173,18
river-great-ouse,River Great Ouse,6174,19
river-great-ouse,River Great Ouse,6078,20
river-great-ouse,River Great Ouse,6264,21
river-great-ouse,River Great Ouse,6175,22
river-great-ouse,River Great Ouse,6176,23
river-great-ouse,River Great Ouse,6177,24
river-great-ouse,River Great Ouse,6178,25
river-great-ouse,River Great Ouse,6179,26
river-great-ouse,River Great Ouse,6180,27
river-great-ouse,River Great Ouse,6278,28
river-great-ouse,River Great Ouse,6254,29
river-great-ouse,River Great Ouse,6290,30
river-great-ouse,River Great Ouse,6009,31
river-hiz,River Hiz,6076,1
river-ivel,River Ivel,6182,1
river-ivel,River Ivel,6181,2
river-kennett,River Kennett,6249,1
river-kennett,River Kennett,6253,2
river-kym,River Kym,6153,1
river-kym,River Kym,6155,2
river-lark,River Lark,6251,1
river-lark,River Lark,6255,2
river-lark,River Lark,6279,3
river-lark,River Lark,6260,4
river-lark,River Lark,6271,5
river-nar,River Nar,6288,1
river-nar,River Nar,6277,2
river-ouzel,River Ouzel,6152,1
river-ouzel,River Ouzel,6154,2
river-ouzel,River Ouzel,6165,3
river-ouzel,River Ouzel,6258,4
river-thet,River Thet,6250,1
river-thet,River Thet,6265,2
river-thet,River Thet,6273,3
river-thet,River Thet,6280,4
river-tove,River Tove,6157,1
river-tove,River Tove,6151,2
river-wissey,River Wissey,6259,1
river-whittle,River Whittle,6275,1
swavesey-drain,Swavesey Drain,6186,1
washpit-brook,Washpit Brook,6294,1
whaddon-brook-cambridgeshire,Whaddon Brook,6281,1
river-wallington-cambridgeshire,River Wallington,6269,1
broad-fleet,Broad Fleet,5110,1
cockers-dyke,Cockers Dyke,5113,1
colne-water,Colne Water,5188,1
cunsey-beck,Cunsey Beck,5209,1
dacre-beck,Dacre Beck,5040,1
dovers-brook,Dovers Brook,5227,1
river-irt,River Irt,5182,1
glenridding-beck,Glenridding Beck,9113,1
shaw-brook-tributary,Shaw Brook Tributary,5043,1
haweswater-beck,Haweswater Beck,5025,1
haweswater-beck,Haweswater Beck,5211,2
hellifield-beck,Hellifield Beck,5191,1
sandy-brook,Sandy Brook,9116,1
town-beck,Town Beck,9242,1
dragley-beck,Dragley Beck,9241,1
pendle-water,Pendle Water,5118,1
pendle-water,Pendle Water,5087,2
pendle-water,Pendle Water,5011,3
river-brock,River Brock,5022,1
river-brock,River Brock,5120,2
river-calder-cumbria,River Calder,5027,1
river-calder-lancashire,River Calder,5104,1
river-calder-lancashire,River Calder,5189,2
river-calder-lancashire,River Calder,5105,3
river-calder-lancashire,River Calder,5150,4
river-caldew,River Caldew,5125,1
river-caldew,River Caldew,5039,2
river-caldew,River Caldew,5042,3
river-caldew,River Caldew,5173,4
river-cocker,River Cocker,5123,1
river-cocker,River Cocker,5129,2
river-cocker,River Cocker,5128,3
river-darwen,River Darwen,5061,1
river-darwen,River Darwen,5048,2
river-darwen,River Darwen,5015,3
river-derwent-cumbria,River Derwent,5178,1
river-derwent-cumbria,River Derwent,5174,2
river-derwent-cumbria,River Derwent,5179,3
river-derwent-cumbria,River Derwent,5103,4
river-derwent-cumbria,River Derwent,5181,5
river-derwent-cumbria,River Derwent,5180,6
river-derwent-cumbria,River Derwent,5155,7
river-douglas,River Douglas,5117,1
river-douglas,River Douglas,5152,2
river-douglas,River Douglas,5006,3
river-douglas,River Douglas,5106,4
river-douglas,River Douglas,5147,5
river-duddon,River Duddon,5142,1
river-duddon,River Duddon,5044,2
river-eamont,River Eamont,5206,1
river-eamont,River Eamont,5168,2
river-eamont,River Eamont,5046,3
river-eamont,River Eamont,5141,4
river-eden,River Eden,5157,1
river-eden,River Eden,5059,2
river-eden,River Eden,5005,3
river-eden,River Eden,5138,4
river-eden,River Eden,5058,5
river-eden,River Eden,5081,6
river-eden,River Eden,5171,7
river-eden,River Eden,5127,8
river-ehen,River Ehen,5014,1
river-ehen,River Ehen,5047,2
river-ehen,River Ehen,5018,3
river-esk-cumbria-west,River Esk,5037,1
river-esk-cumbria-north,River Esk,5207,1
river-greta-cumbria,River Greta,5090,1
river-greta-cumbria,River Greta,5060,2
river-greta-cumbria,River Greta,5175,3
river-kent,River Kent,5017,1
river-kent,River Kent,5225,2
river-kent,River Kent,5126,3
river-leven-cumbria,River Leven,5160,1
river-lostock,River Lostock,5010,1
river-lostock,River Lostock,5083,2
river-lune,River Lune,5094,1
river-lune,River Lune,5077,2
river-lune,River Lune,5029,3
river-lune,River Lune,9127,4
river-lune,River Lune,5080,5
river-petteril,River Petteril,5100,1
river-petteril,River Petteril,5159,2
river-petteril,River Petteril,5172,3
river-petteril,River Petteril,5214,4
river-ribble,River Ribble,5086,1
river-ribble,River Ribble,5109,2
river-ribble,River Ribble,5056,3
river-ribble,River Ribble,5091,4
river-ribble,River Ribble,5066,5
river-ribble,River Ribble,5099,6
river-ribble,River Ribble,5119,7
river-ribble,River Ribble,5122,8
river-ribble,River Ribble,5146,9
river-wenning,River Wenning,5012,1
river-wenning,River Wenning,5184,2
river-wenning,River Wenning,5148,3
river-wenning,River Wenning,5072,4
river-wyre,River Wyre,5001,1
river-wyre,River Wyre,5186,2
river-wyre,River Wyre,5055,3
river-wyre,River Wyre,9132,4
river-wyre,River Wyre,5030,5
river-wyre,River Wyre,5132,6
river-yarrow,River Yarrow,5111,1
river-yarrow,River Yarrow,9114,2
river-yarrow,River Yarrow,5038,3
river-yarrow,River Yarrow,9115,4
thacka-beck,Thacka Beck,5212,1
thacka-beck,Thacka Beck,5204,2
thacka-beck,Thacka Beck,5208,3
ullswater,Ullswater,5166,1
wiza-beck,Wiza Beck,5216,1
wiza-beck,Wiza Beck,5221,2
trout-beck-cumbria,Trout Beck,5220,1
black-brook,Black Brook,2161,1
bottle-brook,Bottle Brook,2191,1
cocker-beck,Cocker Beck,2215,1
day-brook,Day Brook,2231,1
dover-beck,Dover Beck,2232,1
grace-dieu-brook,Grace Dieu Brook,2233,1
river-amber,River Amber,2120,1
river-derwent-derbyshire,River Derwent,2097,1
river-derwent-derbyshire,River Derwent,2230,2
river-derwent-derbyshire,River Derwent,2118,3
river-derwent-derbyshire,River Derwent,2103,4
river-derwent-derbyshire,River Derwent,2138,5
river-derwent-derbyshire,River Derwent,2130,6
river-devon,River Devon,2190,1
river-eau,River Eau,2211,1
river-ecclesbourne,River Ecclesbourne,2124,1
river-erewash,River Erewash,2155,1
river-erewash,River Erewash,2159,2
river-erewash,River Erewash,2164,3
river-greet,River Greet,2216,1
river-greet,River Greet,2156,2
river-greet,River Greet,2106,3
river-leen,River Leen,2165,1
river-leen,River Leen,2163,2
river-maun,River Maun,2212,1
river-maun,River Maun,2146,2
river-maun,River Maun,2147,3
river-meden,River Meden,2186,1
river-meden,River Meden,2148,2
river-poulter,River Poulter,2114,1
river-ryton,River Ryton,2121,1
river-ryton,River Ryton,2141,2
river-sence-leicestershire,River Sence,2139,1
river-sence-leicestershire,River Sence,2188,2
river-sence-leicestershire-west,River Sence,9080,1
river-smite,River Smite,2213,1
river-soar,River Soar,2187,1
river-soar,River Soar,2136,2
river-soar,River Soar,2158,3
river-soar,River Soar,2142,4
river-soar,River Soar,2132,5
river-trent,River Trent,9068,1
river-trent,River Trent,2116,2
river-trent,River Trent,9077,3
river-trent,River Trent,2137,4
river-trent,River Trent,2099,5
river-trent,River Trent,2104,6
river-trent,River Trent,2108,7
river-trent,River Trent,2152,8
river-trent,River Trent,2100,9
river-trent,River Trent,2217,10
river-trent,River Trent,2102,11
river-trent,River Trent,2185,12
river-trent,River Trent,2109,13
river-trent,River Trent,2128,14
river-trent,River Trent,2145,15
river-trent,River Trent,2144,16
river-wreake,River Wreake,2192,1
river-wreake,River Wreake,2218,2
river-wreake,River Wreake,2111,3
river-wye-derbyshire,River Wye,2162,1
river-wye-derbyshire,River Wye,2110,2
rothley-brook,Rothley Brook,2189,1
rothley-brook,Rothley Brook,2125,2
whetstone-brook,Whetstone Brook,2160,1
wood-brook,Wood Brook,2168,1
aller-brook,Aller Brook,3204,1
bodmin-town-leat,Bodmin Town Leat,3395,1
bradiford-water,Bradiford Water,3109,1
budleigh-brook,Budleigh Brook,3348,1
budleigh-brook,Budleigh Brook,3236,2
carnon-river,Carnon River,3161,1
coney-gut,Coney Gut,3117,1
coney-gut,Coney Gut,3108,2
dawlish-water,Dawlish Water,3404,1
de-lank-river,De Lank River,3136,1
east-dart-river,East Dart River,3215,1
east-lyn-river,East Lyn River,3099,1
east-okement-river,East Okement River,3407,1
east-wilder-brook,East Wilder Brook,3359,1
exminster-marshes,Exminster Marshes,3253,1
exminster-marshes,Exminster Marshes,3241,2
river-harbourne,River Harbourne,3210,1
river-harbourne,River Harbourne,3217,2
river-harbourne,River Harbourne,3360,3
lariggan-river,Lariggan River,3390,1
little-dart-river,Little Dart River,3118,1
long-brook,Long brook,3198,1
mevagissey-stream,Mevagissey Stream,3393,1
penberth-stream,Penberth Stream,3339,1
st-austell-river,St Austell River,3155,1
st-austell-river,St Austell River,3157,2
bolingey-stream,Bolingey Stream,3173,1
perrancombe-stream,Perrancombe Stream,3175,1
perrancombe-stream,Perrancombe Stream,3168,2
perrancombe-stream,Perrancombe Stream,3391,3
river-allen-cornwall-north,River Allen,3145,1
river-allen-cornwall-south,River Allen,3171,1
red-cornwall,Red,3389,1
river-ashburn,River Ashburn,3221,1
river-ashburn,River Ashburn,3222,2
river-avon-devon,River Avon,3220,1
river-avon-devon,River Avon,3218,2
river-axe-devon,River Axe,3227,1
river-axe-devon,River Axe,3350,2
river-axe-devon,River Axe,3229,3
river-axe-devon,River Axe,3238,4
river-barle,River Barle,3242,1
river-barle,River Barle,3257,2
river-batherm,River Batherm,3345,1
river-bovey,River Bovey,3225,1
river-bovey,River Bovey,3207,2
river-bray,River Bray,3112,1
river-caen,River Caen,3351,1
river-caen,River Caen,3346,2
river-caen,River Caen,3119,3
river-camel,River Camel,3134,1
river-camel,River Camel,9149,2
river-camel,River Camel,3153,3
river-camel,River Camel,3132,4
river-clyst,River Clyst,3249,1
river-clyst,River Clyst,3355,2
river-clyst,River Clyst,3250,3
river-cober,River Cober,3392,1
river-cober,River Cober,3160,2
river-cober,River Cober,3338,3
river-cober,River Cober,3169,4
river-coly,River Coly,3232,1
river-creedy,River Creedy,3245,1
river-creedy,River Creedy,3261,2
river-culm,River Culm,3347,1
river-culm,River Culm,3259,2
river-culm,River Culm,3247,3
river-dart,River Dart,3216,1
river-dart,River Dart,3406,2
river-dart,River Dart,3363,3
river-erme,River Erme,3208,1
river-erme,River Erme,3219,2
river-exe,River Exe,3254,1
river-exe,River Exe,3256,2
river-exe,River Exe,3258,3
river-exe,River Exe,3246,4
river-exe,River Exe,3260,5
river-exe,River Exe,3262,6
river-exe,River Exe,3251,7
river-exe,River Exe,9010,8
river-exe,River Exe,3094,9
river-fal,River Fal,3174,1
river-fal,River Fal,3164,2
river-fowey,River Fowey,3142,1
river-fowey,River Fowey,3139,2
river-fowey,River Fowey,3152,3
river-fowey,River Fowey,3386,4
river-gannel,River Gannel,3135,1
river-hayle,River Hayle,3166,1
river-hayle,River Hayle,3165,2
river-hayle,River Hayle,3172,3
river-inny,River Inny,3181,1
river-kenn-tributary,River Kenn Tributary,3356,1
river-kennall,River Kennall,3385,1
river-kensey,River Kensey,3192,1
river-kensey,River Kensey,3337,2
river-kenwyn,River Kenwyn,3163,1
river-lemon,River Lemon,3209,1
river-lemon,River Lemon,3223,2
river-lemon,River Lemon,3205,3
river-lemon,River Lemon,3354,4
river-lemon,River Lemon,9009,5
river-lew,River Lew,3121,1
river-lowman,River Lowman,3248,1
river-lowman,River Lowman,9008,2
river-lyd-devon,River Lyd,3202,1
river-lynher,River Lynher,3184,1
river-mardle,River Mardle,9015,1
river-mole-devon,River Mole,3110,1
river-mole-devon,River Mole,3096,2
river-mole-devon,River Mole,3127,3
river-neet,River Neet,3131,1
river-neet,River Neet,3151,2
river-okement,River Okement,3122,1
river-otter,River Otter,3239,1
river-otter,River Otter,3237,2
river-ottery,River Ottery,3384,1
river-ottery,River Ottery,3191,2
river-ottery,River Ottery,3341,3
par-river,Par River,3159,1
par-river,Par River,3167,2
river-plym,River Plym,3197,1
river-pol,River Pol,3144,1
river-seaton,River Seaton,3133,1
river-sid,River Sid,3240,1
river-sid,River Sid,3233,2
river-strat,River Strat,3149,1
river-tale,River Tale,3235,1
river-tamar,River Tamar,3334,1
river-tamar,River Tamar,3336,2
river-tamar,River Tamar,3187,3
river-tamar,River Tamar,3203,4
river-tamar,River Tamar,3195,5
river-tamar,River Tamar,3201,6
river-tavy,River Tavy,3185,1
river-tavy,River Tavy,3340,2
river-tavy,River Tavy,3196,3
river-taw,River Taw,3100,1
river-taw,River Taw,3123,2
river-taw,River Taw,3113,3
river-taw,River Taw,3106,4
river-teign,River Teign,3214,1
river-teign,River Teign,3206,2
river-teign,River Teign,3226,3
river-teign,River Teign,3361,4
river-thrushel,River Thrushel,3194,1
river-thrushel,River Thrushel,3178,2
river-tiddy,River Tiddy,3179,1
river-torridge,River Torridge,3124,1
river-torridge,River Torridge,3125,2
river-torridge,River Torridge,3126,3
river-torridge,River Torridge,3103,4
river-umber,River Umber,3357,1
river-valency,River Valency,3401,1
river-valency,River Valency,3402,2
river-valency,River Valency,3138,3
river-waldon,River Waldon,3102,1
river-walkham,River Walkham,3200,1
river-wolf,River Wolf,3343,1
river-yarty,River Yarty,3231,1
river-yealm,River Yealm,3188,1
river-yealm,River Yealm,3193,2
river-yeo-lapford,River Yeo,3128,1
river-yeo-lapford,River Yeo,3104,2
river-yeo-lapford,River Yeo,3098,3
river-yeo-creedy,River Yeo,3244,1
spratford-stream,Spratford Stream,9014,1
st-neot-river,St Neot River,3147,1
st-blazey-stream,St Blazey Stream,3394,1
river-stennack,River Stennack,3418,1
the-gissage,The Gissage,3349,1
tory-brook,Tory Brook,3199,1
tresillian-river,Tresillian River,3170,1
umborne-brook,Umborne Brook,3228,1
coastal-stream,Coastal Stream,3387,1
warleggan-river,Warleggan River,3141,1
west-dart-river,West Dart River,3212,1
river-north-lew,River North Lew,3111,1
west-lyn-river,West Lyn River,3358,1
withy-brook,Withy Brook,3190,1
kingsbridge-estuary,Kingsbridge Estuary,9012,1
kingsbridge-estuary,Kingsbridge Estuary,9011,2
river-ant,River Ant,6216,1
chad-brook,Chad Brook,6136,1
rattlesden-river,Rattlesden River,6091,1
river-alde,River Alde,6085,1
river-alde,River Alde,6298,2
river-alde,River Alde,6296,3
river-blackwater-essex,River Blackwater,6142,1
river-blackwater-essex,River Blackwater,6143,2
river-box,River Box,6080,1
river-box,River Box,6081,2
river-brain,River Brain,6144,1
river-brett,River Brett,6079,1
river-brett,River Brett,6082,2
river-bure,River Bure,6094,1
river-bure,River Bure,6099,2
river-bure,River Bure,6211,3
river-bure,River Bure,6215,4
river-bure,River Bure,6203,5
river-bure,River Bure,6202,6
river-burn,River Burn,6093,1
river-can,River Can,6149,1
river-chelmer,River Chelmer,6145,1
river-chelmer,River Chelmer,6146,2
river-chelmer,River Chelmer,6147,3
river-colne-essex,River Colne,6138,1
river-colne-essex,River Colne,6139,2
river-colne-essex,River Colne,6140,3
river-colne-essex,River Colne,6003,4
river-crouch,River Crouch,6129,1
river-crouch,River Crouch,6127,2
river-gipping,River Gipping,6086,1
river-glem,River Glem,6135,1
river-ore,River Ore,6089,1
river-pant,River Pant,6141,1
river-pant,River Pant,6130,2
river-stiffkey,River Stiffkey,6100,1
river-stour-essex,River Stour,6131,1
river-stour-essex,River Stour,6134,2
river-stour-essex,River Stour,6126,3
river-stour-essex,River Stour,6128,4
river-stour-essex,River Stour,6137,5
hickling-broad,Hickling Broad,6210,1
river-thurne,River Thurne,6217,1
river-waveney,River Waveney,6088,1
river-waveney,River Waveney,6083,2
river-waveney,River Waveney,6204,3
river-waveney,River Waveney,6209,4
river-waveney,River Waveney,6207,5
river-waveney,River Waveney,6206,6
river-waveney,River Waveney,6212,7
river-wensum,River Wensum,6098,1
river-wensum,River Wensum,6125,2
river-wid,River Wid,6148,1
river-wid,River Wid,6201,2
river-wid,River Wid,6200,3
river-yare,River Yare,6095,1
river-yare,River Yare,6205,2
river-yare,River Yare,6214,3
river-yare,River Yare,6208,4
river-yare,River Yare,6213,5
sandon-brook,Sandon Brook,6188,1
stour-brook,Stour Brook,6132,1
river-deben,River Deben,6087,1
river-deben,River Deben,6297,2
ogden-brook,Ogden Brook,5082,1
arrowe-brook,Arrowe Brook,5002,1
baguley-brook,Baguley Brook,5197,1
sinderland-brook,Sinderland Brook,5107,1
eagley-brook,Eagley Brook,5200,1
glaze-brook,Glaze Brook,5228,1
glossop-brook,Glossop Brook,5079,1
limey-water,Limey Water,5116,1
netherley-brook,Netherley Brook,5203,1
poynton-brook,Poynton Brook,5201,1
river-beal,River Beal,5229,1
river-beal,River Beal,5134,2
river-bollin,River Bollin,5102,1
river-bollin,River Bollin,5114,2
river-bollin,River Bollin,5153,3
river-bollin,River Bollin,5016,4
river-croal,River Croal,5049,1
river-dane,River Dane,5073,1
river-dane,River Dane,5036,2
river-dane,River Dane,5121,3
dean,Dean,5133,1
river-etherow,River Etherow,5154,1
river-etherow,River Etherow,5035,2
river-gowy,River Gowy,5019,1
river-goyt,River Goyt,5232,1
river-goyt,River Goyt,5096,2
river-irk,River Irk,5034,1
river-irwell,River Irwell,5195,1
river-irwell,River Irwell,5075,2
river-irwell,River Irwell,5136,3
river-irwell,River Irwell,5115,4
river-irwell,River Irwell,5026,5
river-irwell,River Irwell,5230,6
river-irwell,River Irwell,5076,7
river-irwell,River Irwell,5095,8
river-irwell,River Irwell,5003,9
river-medlock,River Medlock,5194,1
river-medlock,River Medlock,5088,2
river-mersey,River Mersey,5021,1
river-mersey,River Mersey,5101,2
river-mersey,River Mersey,5008,3
river-mersey,River Mersey,5052,4
river-mersey,River Mersey,5149,5
river-mersey,River Mersey,5050,6
river-mersey,River Mersey,5084,7
river-roch,River Roch,5199,1
river-roch,River Roch,5004,2
river-roch,River Roch,5231,3
river-roch,River Roch,5013,4
river-tame-greater-manchester,River Tame,5196,1
river-tame-greater-manchester,River Tame,5143,2
river-tame-greater-manchester,River Tame,5145,3
river-tame-greater-manchester,River Tame,5023,4
river-tame-greater-manchester,River Tame,5112,5
river-weaver,River Weaver,5009,1
river-weaver,River Weaver,5202,2
river-weaver,River Weaver,5007,3
river-weaver,River Weaver,5065,4
river-weaver,River Weaver,5198,5
sankey-brook,Sankey Brook,5031,1
sankey-brook,Sankey Brook,5069,2
sankey-brook,Sankey Brook,5085,3
river-birket,River Birket,5041,1
river-birket,River Birket,5053,2
valley-brook,Valley Brook,5097,1
wincham-brook,Wincham Brook,5089,1
worsley-brook,Worsley Brook,5193,1
river-beam,River Beam,7383,1
canons-brook,Canons Brook,7355,1
cobbins-brook,Cobbins Brook,7363,1
cobbins-brook,Cobbins Brook,7364,2
colne-brook,Colne Brook,7199,1
colne-brook,Colne Brook,9297,2
colne-brook,Colne Brook,7212,3
colne-brook,Colne Brook,7208,4
cripsey-brook,Cripsey Brook,7377,1
cripsey-brook,Cripsey Brook,7378,2
deans-brook,Deans Brook,7283,1
dollis-brook,Dollis Brook,7278,1
dollis-brook,Dollis Brook,7279,2
edgware-brook,Edgware Brook,7284,1
frays-river,Frays River,7197,1
frays-river,Frays River,7205,2
river-ingrebourne,River Ingrebourne,7384,1
mimmshall-brook,Mimmshall Brook,7176,1
mimmshall-brook,Mimmshall Brook,7177,2
mutton-brook,Mutton Brook,7281,1
pincey-brook,Pincey Brook,7352,1
poyle-channel,Poyle Channel,7206,1
pymmes-brook,Pymmes Brook,7370,1
pymmes-brook,Pymmes Brook,7371,2
pymmes-brook,Pymmes Brook,7372,3
rags-brook,Rags Brook,7359,1
river-ash-hertfordshire,River Ash,7345,1
river-ash-hertfordshire,River Ash,7346,2
river-ash-hertfordshire,River Ash,7347,3
river-ash-middlesex,River Ash,7247,1
river-ash-middlesex,River Ash,7248,2
river-beane,River Beane,7337,1
river-beane,River Beane,7340,2
river-beane,River Beane,7339,3
river-beane,River Beane,7341,4
river-brent,River Brent,7282,1
river-brent,River Brent,7289,2
river-brent,River Brent,7290,3
river-brent,River Brent,7291,4
river-brent,River Brent,7007,5
river-bulbourne,River Bulbourne,7186,1
river-bulbourne,River Bulbourne,7187,2
river-chess,River Chess,7189,1
river-chess,River Chess,7190,2
river-colne-hertfordshire,River Colne,7179,1
river-colne-hertfordshire,River Colne,7184,2
river-colne-hertfordshire,River Colne,9296,3
river-colne-hertfordshire,River Colne,7192,4
river-colne-hertfordshire,River Colne,7196,5
river-colne-hertfordshire,River Colne,7198,6
river-colne-hertfordshire,River Colne,9298,7
river-colne-hertfordshire,River Colne,7200,8
river-colne-hertfordshire,River Colne,7207,9
river-colne-hertfordshire,River Colne,7211,10
river-crane,River Crane,7276,1
river-crane,River Crane,7277,2
river-gade,River Gade,7185,1
river-gade,River Gade,7188,2
river-lee,River Lee,7329,1
river-lee,River Lee,7330,2
river-lee,River Lee,9289,3
river-lee,River Lee,7332,4
river-lee,River Lee,7333,5
river-lee,River Lee,7357,6
river-lee,River Lee,7361,7
river-lee,River Lee,7365,8
river-lee,River Lee,7374,9
river-lee,River Lee,7375,10
river-mimram,River Mimram,7334,1
river-mimram,River Mimram,7335,2
river-mimram,River Mimram,7336,3
river-misbourne,River Misbourne,7194,1
river-misbourne,River Misbourne,7407,2
river-pinn,River Pinn,7397,1
river-pinn,River Pinn,7201,2
river-pinn,River Pinn,7173,3
river-pinn,River Pinn,7174,4
river-pinn,River Pinn,7005,5
river-pinn,River Pinn,7202,6
river-pinn,River Pinn,7203,7
river-pinn,River Pinn,7183,8
river-pinn,River Pinn,7204,9
river-quin,River Quin,7343,1
red-hertfordshire,Red,7181,1
river-rib,River Rib,7342,1
river-rib,River Rib,7344,2
river-roding,River Roding,7376,1
river-roding,River Roding,7379,2
river-roding,River Roding,7009,3
river-roding,River Roding,7380,4
river-roding,River Roding,7381,5
river-rom,River Rom,9282,1
river-rom,River Rom,7382,2
river-stort,River Stort,7348,1
river-stort,River Stort,7350,2
river-stort,River Stort,7351,3
river-stort,River Stort,7353,4
pishiobury-brook,Pishiobury Brook,7354,1
rye-meads-effluent-channel,Rye Meads Effluent Channel,7358,1
rye-meads-effluent-channel,Rye Meads Effluent Channel,7356,2
river-ver,River Ver,7178,1
river-ver,River Ver,7180,2
river-ver,River Ver,7182,3
the-roxbourne,The Roxbourne,7272,1
salmon-brook,Salmon Brook,7368,1
salmon-brook,Salmon Brook,7369,2
silk-stream,Silk Stream,7285,1
silk-stream,Silk Stream,7286,2
stansted-brook,Stansted Brook,7349,1
stevenage-brook,Stevenage Brook,7338,1
ching-brook,Ching Brook,7008,1
ching-brook,Ching Brook,7373,2
theobalds-brook,Theobalds Brook,7362,1
turkey-brook,Turkey Brook,7367,1
radlett-brook,Radlett Brook,7175,1
radlett-brook,Radlett Brook,7006,2
wealdstone-brook,Wealdstone Brook,7287,1
wealdstone-brook,Wealdstone Brook,7288,2
wraysbury-river,Wraysbury River,7210,1
wraysbury-river,Wraysbury River,7209,2
yeading-brook,Yeading Brook,7270,1
yeading-brook,Yeading Brook,7271,2
yeading-brook,Yeading Brook,7274,3
yeading-brook,Yeading Brook,7275,4
yeading-brook-eastern-arm,Yeading Brook (Eastern Arm),7273,1
beverley-brook,Beverley Brook,7292,1
beverley-brook,Beverley Brook,7293,2
beverley-brook,Beverley Brook,7297,3
beverley-brook,Beverley Brook,7298,4
beverley-brook,Beverley Brook,7299,5
burstow-stream,Burstow Stream,7255,1
burstow-stream,Burstow Stream,7256,2
river-dudwell-kent,River Dudwell,1121,1
east-stour-kent,East Stour,1129,1
east-stour-kent,East Stour,9140,2
gatwick-stream,Gatwick Stream,7251,1
gatwick-stream,Gatwick Stream,7252,2
gatwick-stream,Gatwick Stream,7253,3
great-stour-kent,Great Stour,1132,1
great-stour-kent,Great Stour,1137,2
great-stour-kent,Great Stour,1133,3
great-stour-kent,Great Stour,1145,4
great-stour-kent,Great Stour,1135,5
great-stour-kent,Great Stour,9274,6
great-stour-kent,Great Stour,1143,7
great-stour-kent,Great Stour,9148,8
great-stour-kent,Great Stour,1134,9
great-stour-kent,Great Stour,9130,10
great-stour-kent,Great Stour,9083,11
hogsmill-river,Hogsmill River,7264,1
hogsmill-river,Hogsmill River,7265,2
hogsmill-river,Hogsmill River,7266,3
ifield-brook,Ifield Brook,7249,1
kyd-brook-east-branch,Kyd Brook (East Branch),7321,1
kyd-brook,Kyd Brook,7322,1
kyd-brook,Kyd Brook,7323,2
kyd-brook,Kyd Brook,7324,3
kyd-brook,Kyd Brook,7325,4
kyd-brook,Kyd Brook,7326,5
little-stour,Little Stour,1139,1
nailbourne,Nailbourne,1131,1
norbury-brook,Norbury Brook,7306,1
old-mill-stream,Old Mill Stream,1130,1
pent-stream,Pent Stream,9022,1
river-pool,River Pool,7319,1
pyl-brook,Pyl Brook,7294,1
pyl-brook,Pyl Brook,7295,2
pyl-brook,Pyl Brook,7296,3
river-quaggy,River Quaggy,7327,1
river-quaggy,River Quaggy,7328,2
river-ravensbourne,River Ravensbourne,7311,1
river-ravensbourne,River Ravensbourne,7310,2
river-ravensbourne,River Ravensbourne,7314,3
river-ravensbourne,River Ravensbourne,7320,4
river-ravensbourne,River Ravensbourne,7315,5
river-ravensbourne-east-branch,River Ravensbourne (East branch),7312,1
river-ravensbourne-east-branch,River Ravensbourne (East branch),7313,2
redhill-brook,Redhill Brook,7258,1
river-beault,River Beault,1086,1
river-beault,River Beault,1085,2
river-bourne-kent,River Bourne,1073,1
river-brede,River Brede,1127,1
river-brede,River Brede,1120,2
river-cray,River Cray,1037,1
river-cray,River Cray,1036,2
river-darent,River Darent,9300,1
river-darent,River Darent,9301,2
river-darent,River Darent,9136,3
river-darent,River Darent,1040,4
river-darent,River Darent,9137,5
river-darent,River Darent,1038,6
river-dour,River Dour,9019,1
river-eden-kent,River Eden,1081,1
river-eden-kent,River Eden,1071,2
river-eden-kent,River Eden,1091,3
river-eden-kent,River Eden,1084,4
river-graveney,River Graveney,7307,1
river-graveney,River Graveney,7308,2
river-medway,River Medway,1072,1
river-medway,River Medway,1088,2
river-medway,River Medway,1066,3
river-medway,River Medway,1067,4
river-medway,River Medway,1080,5
river-medway,River Medway,1090,6
river-medway,River Medway,1074,7
river-medway,River Medway,9124,8
river-medway,River Medway,1069,9
river-medway,River Medway,1089,10
river-medway,River Medway,1083,11
river-medway,River Medway,1064,12
river-medway,River Medway,1063,13
river-medway,River Medway,1029,14
thames-medway-canal,Thames Medway Canal,1023,1
river-mole,River Mole,7399,1
river-mole,River Mole,7250,2
river-mole,River Mole,7254,3
river-mole,River Mole,7257,4
river-mole,River Mole,7260,5
river-mole,River Mole,7261,6
river-mole,River Mole,7262,7
river-mole,River Mole,7263,8
river-burwash-kent,River Burwash,1122,1
river-rother-kent,River Rother,1126,1
river-rother-kent,River Rother,1030,2
river-shuttle-kent,River Shuttle,1039,1
river-teise,River Teise,1170,1
river-teise,River Teise,1078,2
river-teise,River Teise,1087,3
river-till-northumberland,River Till,9277,1
river-till-northumberland,River Till,9278,2
river-till-northumberland,River Till,8290,3
river-tillingham,River Tillingham,1125,1
river-wandle-kent,River Wandle,7300,1
river-wandle-kent,River Wandle,7301,2
river-wandle-kent,River Wandle,7303,3
river-wandle-kent,River Wandle,7305,4
river-wandle-kent,River Wandle,7304,5
river-wandle-kent,River Wandle,7309,6
river-wrythe-kent,River Wrythe,7302,1
salfords-stream-kent,Salfords Stream,7259,1
the-beck,The Beck,7318,1
barlings-eau,Barlings Eau,6052,1
billinghay-skirth,Billinghay Skirth,6071,1
billinghay-skirth,Billinghay Skirth,6227,2
west-fen-catchwater-drain,West Fen Catchwater Drain,6228,1
east-glen-river,East Glen River,6033,1
east-glen-river,East Glen River,6040,2
hagnaby-beck,Hagnaby Beck,6231,1
harpers-brook,Harpers Brook,6105,1
medbourne-brook,Medbourne Brook,6038,1
medbourne-brook,Medbourne Brook,6032,2
river-ancholme,River Ancholme,6239,1
river-ancholme,River Ancholme,6241,2
river-ancholme,River Ancholme,6016,3
ousemere-lode,Ousemere Lode,6224,1
pointon-lode,Pointon Lode,6222,1
river-bain,River Bain,6063,1
river-bain,River Bain,6060,2
river-bain,River Bain,6041,3
river-brant,River Brant,6053,1
river-brant,River Brant,6221,2
river-chater,River Chater,6034,1
laceby-beck,Laceby Beck,6243,1
laceby-beck,Laceby Beck,6244,2
river-glen,River Glen,6035,1
river-glen,River Glen,6022,2
river-jordan,River Jordan,6021,1
river-jordan,River Jordan,6019,2
river-lud,River Lud,6017,1
river-lymn,River Lymn,6112,1
river-nene,River Nene,6101,1
river-nene,River Nene,6120,2
river-nene,River Nene,6117,3
river-nene,River Nene,6108,4
river-nene,River Nene,6115,5
river-nene,River Nene,6116,6
river-nene,River Nene,6110,7
river-nene,River Nene,6111,8
river-nene,River Nene,6107,9
river-nene,River Nene,6286,10
river-nene,River Nene,6121,11
river-nene,River Nene,6014,12
brampton-branch,Brampton Branch,6037,1
brampton-branch,Brampton Branch,6218,2
brampton-branch,Brampton Branch,6118,3
brampton-branch,Brampton Branch,6122,4
brampton-branch,Brampton Branch,6102,5
river-rase,River Rase,6238,1
river-slea,River Slea,6069,1
river-slea,River Slea,6070,2
river-slea,River Slea,6064,3
river-waring,River Waring,6046,1
river-welland,River Welland,6023,1
river-welland,River Welland,6025,2
river-welland,River Welland,6024,3
river-welland,River Welland,6030,4
river-welland,River Welland,6020,5
river-welland,River Welland,6028,6
river-welland,River Welland,6029,7
river-welland,River Welland,6018,8
river-welland,River Welland,6006,9
river-witham,River Witham,6219,1
river-witham,River Witham,6051,2
river-witham,River Witham,6055,3
river-witham,River Witham,6067,4
river-witham,River Witham,6057,5
river-witham,River Witham,6044,6
river-witham,River Witham,6049,7
river-witham,River Witham,6056,8
river-witham,River Witham,6045,9
river-witham,River Witham,6050,10
river-witham,River Witham,6058,11
river-witham,River Witham,6073,12
river-witham,River Witham,6042,13
river-witham,River Witham,6068,14
river-witham,River Witham,6043,15
river-till-lincolnshire,River Till,6114,1
fosdyke-canal,Fosdyke Canal,6047,1
river-ise,River Ise,6109,1
river-ise,River Ise,6113,2
river-ise,River Ise,6104,3
south-forty-foot-drain,South Forty Foot Drain,6223,1
south-forty-foot-drain,South Forty Foot Drain,6226,2
south-forty-foot-drain,South Forty Foot Drain,6293,3
stainfield-beck,Stainfield Beck,6062,1
east-fen-catchwater,East Fen Catchwater,6229,1
waithe-beck,Waithe Beck,6233,1
weedon-beck,Weedon Beck,6123,1
west-glen-river,West Glen River,6026,1
west-glen-river,West Glen River,6036,2
west-glen-river,West Glen River,6031,3
west-glen-river,West Glen River,6027,4
willow-brook,Willow Brook,6124,1
willow-brook,Willow Brook,6106,2
wootton-brook,Wootton Brook,6103,1
bedburn-beck,Bedburn Beck,8018,1
bowmont-water,Bowmont Water,8375,1
clow-beck,Clow Beck,8362,1
cockshaw-burn,Cockshaw Burn,8270,1
cockshaw-burn,Cockshaw Burn,8271,2
cockshaw-burn,Cockshaw Burn,8273,3
river-hartburn,River Hartburn,8092,1
hartburn-beck,Hartburn Beck,8363,1
harwood-beck,Harwood Beck,8093,1
kielder-burn,Kielder Burn,8111,1
killhope-burn,Killhope Burn,8212,1
kilton-beck,Kilton Beck,8185,1
lustrum-beck,Lustrum Beck,8275,1
marton-west-beck,Marton West Beck,9018,1
moors-burn,Moors Burn,8274,1
oakley-cross-beck,Oakley Cross Beck,8155,1
ormesby-beck,Ormesby Beck,8374,1
ouse-burn,Ouse Burn,8222,1
ouse-burn,Ouse Burn,8085,2
ouse-burn,Ouse Burn,8058,3
river-blyth,River Blyth,8291,1
river-blyth,River Blyth,8026,2
river-browney,River Browney,8038,1
river-coquet,River Coquet,8008,1
river-coquet,River Coquet,8173,2
river-coquet,River Coquet,8143,3
river-coquet,River Coquet,8369,4
river-derwent-northumberland,River Derwent,8376,1
river-derwent-northumberland,River Derwent,8272,2
river-derwent-northumberland,River Derwent,8292,3
river-east-allen,River East Allen,8005,1
river-font,River Font,8154,1
river-gaunless,River Gaunless,8055,1
river-gaunless,River Gaunless,8128,2
river-gaunless,River Gaunless,8361,3
river-gaunless,River Gaunless,8192,4
river-gaunless,River Gaunless,8360,5
river-gaunless,River Gaunless,8068,6
river-gaunless,River Gaunless,8198,7
river-greta-durham,River Greta,8177,1
river-leven-yorkshire,River Leven,8071,1
river-leven-yorkshire,River Leven,8088,2
river-leven-yorkshire,River Leven,8364,3
river-leven-yorkshire,River Leven,8200,4
river-leven-yorkshire,River Leven,8365,5
river-leven-yorkshire,River Leven,8082,6
river-north-tyne,River North Tyne,8368,1
river-north-tyne,River North Tyne,8262,2
river-north-tyne,River North Tyne,8370,3
river-north-tyne,River North Tyne,8019,4
river-north-tyne,River North Tyne,8166,5
river-north-tyne,River North Tyne,8355,6
river-pont,River Pont,8195,1
river-pont,River Pont,8098,2
river-pont,River Pont,8162,3
river-rede,River Rede,8158,1
river-rede,River Rede,8157,2
river-rede,River Rede,8167,3
river-skerne,River Skerne,8030,1
river-skerne,River Skerne,8164,2
river-skerne,River Skerne,8108,3
river-skerne,River Skerne,8190,4
river-south-tyne,River South Tyne,8007,1
river-south-tyne,River South Tyne,8076,2
river-south-tyne,River South Tyne,8356,3
river-south-tyne,River South Tyne,9283,4
river-south-tyne,River South Tyne,8095,5
river-team,River Team,8359,1
river-team,River Team,8203,2
river-tees,River Tees,8138,1
river-tees,River Tees,8014,2
river-tees,River Tees,8034,3
river-tees,River Tees,8315,4
river-tees,River Tees,8129,5
river-tees,River Tees,8223,6
river-tees,River Tees,8366,7
river-tees,River Tees,8372,8
river-tweed,River Tweed,8264,1
river-tweed,River Tweed,8263,2
river-tweed,River Tweed,8020,3
river-tyne,River Tyne,8357,1
river-tyne,River Tyne,9006,2
river-tyne,River Tyne,8354,3
river-tyne,River Tyne,8170,4
river-tyne,River Tyne,8040,5
river-tyne,River Tyne,8150,6
river-wansbeck,River Wansbeck,8137,1
river-wansbeck,River Wansbeck,8139,2
river-wansbeck,River Wansbeck,8293,3
river-wear,River Wear,8196,1
river-wear,River Wear,8219,2
river-wear,River Wear,8201,3
river-wear,River Wear,8288,4
river-wear,River Wear,8046,5
river-west-allen,River West Allen,8367,1
rookhope-burn,Rookhope Burn,8072,1
smallhope-burn,Smallhope Burn,8123,1
trout-beck-northumberland,Trout Beck,8141,1
usway-burn,Usway Burn,8182,1
waren-burn,Waren Burn,8267,1
waren-burn,Waren Burn,8268,2
wooler-water,Wooler Water,8051,1
wooler-water,Wooler Water,8221,2
river-tanat,River Tanat,2025,1
bagley-brook,Bagley Brook,2210,1
barbourne-brook,Barbourne Brook,2235,1
barbourne-brook,Barbourne Brook,2236,2
bow-brook,Bow Brook,2224,1
bow-brook,Bow Brook,2010,2
hatherley-brook,Hatherley Brook,2207,1
hatherley-brook,Hatherley Brook,2208,2
daniels-brook,Daniels Brook,2183,1
dimore-brook,Dimore Brook,2229,1
dimore-brook,Dimore Brook,2221,2
dowles-brook,Dowles Brook,2023,1
horsbere-brook,Horsbere Brook,2179,1
horsbere-brook,Horsbere Brook,9028,2
horsbere-brook,Horsbere Brook,2222,3
horsbere-brook,Horsbere Brook,9294,4
horsbere-brook,Horsbere Brook,2180,5
kyre-brook,Kyre Brook,2198,1
kyre-brook,Kyre Brook,2197,2
ledwyche-brook,Ledwyche Brook,2088,1
leigh-brook,Leigh Brook,2070,1
lilley-brook,Lilley Brook,2209,1
piddle-brook,Piddle Brook,2223,1
rea-brook,Rea Brook,2013,1
river-arrow-herefordshire,River Arrow,4020,1
river-arrow-herefordshire,River Arrow,4035,2
river-arrow-herefordshire,River Arrow,2195,3
river-cam-severn,River Cam,2074,1
river-cam-severn,River Cam,2077,2
river-chelt,River Chelt,2170,1
river-chelt,River Chelt,2172,2
river-chelt,River Chelt,2171,3
river-chelt,River Chelt,2173,4
river-chelt,River Chelt,2174,5
river-corve,River Corve,2065,1
river-frome-severn,River Frome (Severn),2175,1
river-frome-severn,River Frome (Severn),2176,2
river-frome-severn,River Frome (Severn),2019,3
river-frome-severn,River Frome (Severn),2177,4
river-frome-wye,River Frome (Wye),4223,1
river-frome-wye,River Frome (Wye),4003,2
river-frome-wye,River Frome (Wye),4036,3
river-isbourne,River Isbourne,2193,1
river-isbourne,River Isbourne,2194,2
river-isbourne,River Isbourne,2024,3
river-leadon,River Leadon,2205,1
river-leadon,River Leadon,2012,2
river-lugg,River Lugg,4022,1
river-lugg,River Lugg,4007,2
river-lugg,River Lugg,4006,3
river-lugg,River Lugg,4019,4
river-meese,River Meese,2027,1
river-onny,River Onny,2030,1
river-perry,River Perry,2014,1
river-reashropshire,River Rea,2026,1
river-roden,River Roden,2011,1
st-johns-beck,St Johns Beck,5210,1
st-johns-beck,St Johns Beck,5139,2
river-salwarpe,River Salwarpe,9295,1
river-salwarpe,River Salwarpe,2075,2
river-salwarpe,River Salwarpe,2007,3
river-severn,River Severn,2033,1
river-severn,River Severn,4260,2
river-severn,River Severn,2034,3
river-severn,River Severn,4235,4
river-severn,River Severn,2009,5
river-severn,River Severn,2072,6
river-severn,River Severn,2068,7
river-severn,River Severn,2061,8
river-severn,River Severn,2067,9
river-severn,River Severn,2095,10
river-severn,River Severn,2004,11
river-severn,River Severn,2036,12
river-severn,River Severn,2058,13
river-severn,River Severn,2069,14
river-severn,River Severn,2001,15
river-severn,River Severn,2092,16
river-severn,River Severn,2039,17
river-severn,River Severn,2081,18
river-severn,River Severn,2022,19
river-severn,River Severn,2041,20
river-severn,River Severn,2078,21
river-severn,River Severn,2031,22
river-severn,River Severn,2166,23
river-severn,River Severn,2167,24
river-severn,River Severn,9030,25
river-severn,River Severn,2063,26
river-severn,River Severn,2051,27
river-severn,River Severn,2059,28
river-severn,River Severn,2071,29
river-strine,River Strine,2066,1
river-teme,River Teme,2090,1
river-teme,River Teme,2053,2
river-teme,River Teme,2057,3
river-teme,River Teme,2086,4
river-teme,River Teme,2005,5
river-teme,River Teme,2178,6
river-teme,River Teme,2021,7
river-teme,River Teme,2040,8
river-tern,River Tern,2008,1
river-twyver,River Twyver,9024,1
river-twyver,River Twyver,2181,2
river-twyver,River Twyver,2219,3
river-twyver,River Twyver,9027,4
river-worfe,River Worfe,2016,1
river-wye,River Wye,4026,1
river-wye,River Wye,4011,2
river-wye,River Wye,4005,3
river-wye,River Wye,4013,4
river-wye,River Wye,4014,5
river-wye,River Wye,4016,6
river-wye,River Wye,4004,7
river-wye,River Wye,4002,8
river-wye,River Wye,4017,9
river-wye,River Wye,4025,10
river-wye,River Wye,4029,11
river-wye,River Wye,2196,12
river-wye,River Wye,4023,13
river-wye,River Wye,4028,14
rudhall-brook,Rudhall Brook,2225,1
slad-brook,Slad Brook,2203,1
slad-brook,Slad Brook,2204,2
sud-brook,Sud Brook,9026,1
sud-brook,Sud Brook,2182,2
river-lyd-gloucestershire,River Lyd,2055,1
river-lyd-gloucestershire,River Lyd,2087,2
wesley-brook,Wesley Brook,2169,1
whaddon-brook-gloucestershire,Whaddon Brook,2228,1
wotton-brook,Wotton Brook,2226,1
wotton-brook,Wotton Brook,2227,2
wymans-brook,Wymans Brook,2201,1
wymans-brook,Wymans Brook,2200,2
yazor-brook,Yazor Brook,4033,1
aldingbourne-rife,Aldingbourne Rife,9254,1
atherfield-brook,Atherfield Brook,9171,1
bartley-water,Bartley Water,9170,1
bartley-water,Bartley Water,9221,2
bartley-water,Bartley Water,9264,3
bartley-water,Bartley Water,9263,4
beaulieu-river,Beaulieu River,9201,1
beaulieu-river,Beaulieu River,9239,2
beaulieu-river,Beaulieu River,9238,3
bosham-stream,Bosham Stream,9255,1
bourne-rivulet,Bourne Rivulet,9231,1
bourne-rivulet,Bourne Rivulet,9205,2
cuckmere-&-pevensey-levels,Cuckmere & Pevensey Levels,1167,1
danes-stream,Danes Stream,9210,1
danes-stream,Danes Stream,9208,2
gurnard-luck,Gurnard Luck,1046,1
lukely-brook,Lukely Brook,9186,1
lukely-brook,Lukely Brook,9204,2
lymington,Lymington,1062,1
lymington,Lymington,1060,2
lymington,Lymington,9262,3
lymington,Lymington,1024,4
monks-brook,Monks Brook,1051,1
monks-brook,Monks Brook,1058,2
monkton-mead,Monkton Mead,9217,1
monkton-mead,Monkton Mead,9209,2
pillhill-brook,Pillhill Brook,9222,1
combe-haven,Combe Haven,1166,1
river-adur,River Adur,1006,1
river-adur,River Adur,1001,2
river-adur,River Adur,1032,3
river-alver-hampshire,River Alver,9175,1
river-anton,River Anton,9169,1
river-anton,River Anton,9198,2
river-anton,River Anton,9199,3
river-arun,River Arun,1168,1
river-arun,River Arun,1165,2
river-arun,River Arun,9243,3
river-arun,River Arun,9245,4
river-arun,River Arun,1014,5
river-arun,River Arun,1017,6
river-arun,River Arun,1011,7
river-arun,River Arun,9248,8
river-arun,River Arun,1162,9
river-blackwater-new-forest,River Blackwater,9212,1
river-cuckmere,River Cuckmere,1153,1
river-dever,River Dever,9173,1
river-dun-hampshire,River Dun,9232,1
river-ems,River Ems,1155,1
river-hamble,River Hamble,9211,1
river-hamble,River Hamble,9197,2
river-hamble,River Hamble,9203,3
river-hamble,River Hamble,9200,4
river-alre,River Alre,1053,1
river-alre,River Alre,9193,2
cheriton-stream,Cheriton Stream,1057,1
candover-stream,Candover Stream,1050,1
river-itchen-hampshire,River Itchen,1054,1
river-itchen-hampshire,River Itchen,9194,2
river-itchen-hampshire,River Itchen,1052,3
river-itchen-hampshire,River Itchen,1059,4
river-itchen-hampshire,River Itchen,1055,5
river-itchen-hampshire,River Itchen,1048,6
river-itchen-hampshire,River Itchen,9220,7
river-itchen-hampshire,River Itchen,1049,8
river-itchen-hampshire,River Itchen,1056,9
river-itchen-hampshire,River Itchen,1034,10
river-swift-hampshire,River Swift,9216,1
river-lavant-sussex,River Lavant,1163,1
river-lavant-sussex,River Lavant,9244,2
river-lavant-hampshire,River Lavant,9191,1
river-lavant-hampshire,River Lavant,9223,2
hermitage-stream,Hermitage Stream,9202,1
river-lox,River Lox,9256,1
river-lox,River Lox,9259,2
river-medina,River Medina,1047,1
river-medina,River Medina,1020,2
river-meon,River Meon,9177,1
river-meon,River Meon,9181,2
river-meon,River Meon,9178,3
river-meon,River Meon,9182,4
river-meon,River Meon,9179,5
river-meon,River Meon,9180,6
salfords-stream-sussex,Salfords Stream,1118,1
river-ouse-sussex,River Ouse,1152,1
river-ouse-sussex,River Ouse,1110,2
river-ouse-sussex,River Ouse,1106,3
river-ouse-sussex,River Ouse,1107,4
river-ouse-sussex,River Ouse,9246,5
river-ouse-sussex,River Ouse,1100,6
river-ouse-sussex,River Ouse,9250,7
river-ouse-sussex,River Ouse,9249,8
river-ouse-sussex,River Ouse,1109,9
river-ouse-sussex,River Ouse,1026,10
river-rother-west-sussex,River Rother,1164,1
river-rother-west-sussex,River Rother,1169,2
river-rother-west-sussex,River Rother,1013,3
river-rother-west-sussex,River Rother,1010,4
river-test,River Test,9229,1
river-test,River Test,9230,2
river-test,River Test,1161,3
river-test,River Test,9188,4
river-test,River Test,9190,5
river-test,River Test,9218,6
river-test,River Test,9219,7
river-test,River Test,9213,8
river-test,River Test,9236,9
river-test,River Test,9207,10
river-test,River Test,9189,11
fishlake-stream,Fishlake Stream,9195,1
barge-canal,Barge Canal,9235,1
oxlease-drain,Oxlease Drain,9174,1
eastern-yar,Eastern Yar,9184,1
eastern-yar,Eastern Yar,9168,2
eastern-yar,Eastern Yar,9185,3
eastern-yar,Eastern Yar,9215,4
eastern-yar,Eastern Yar,1018,5
river-uck,River Uck,9257,1
river-uck,River Uck,1119,2
river-uck,River Uck,1108,3
tadburn-lake,Tadburn Lake,1151,1
tanners-brook,Tanners Brook,9240,1
tanners-brook,Tanners Brook,1149,2
walkford-brook,Walkford Brook,9187,1
river-wallington-hampshire,River Wallington,9192,1
river-wallington-hampshire,River Wallington,1044,2
wallop-brook,Wallop Brook,9172,1
western-yar,Western Yar,9196,1
west-brook-hampshire,West Brook,9224,1
west-brook-kent,West Brook,9275,1
winterbourne-stream-sussex,Winterbourne Stream,9253,1
salt-haven,Salt Haven,1027,1
ferring-rife,Ferring Rife,9260,1
endon-brook,Endon Brook,9105,1
henmore-brook,Henmore Brook,9069,1
henmore-brook,Henmore Brook,2126,2
river-churnet,River Churnet,2154,1
river-churnet,River Churnet,9073,2
river-churnet,River Churnet,2127,3
river-churnet,River Churnet,9074,4
river-churnet,River Churnet,2153,5
river-hamps,River Hamps,2117,1
river-manifold,River Manifold,2113,1
river-dove-staffordshire,River Dove,2119,1
river-dove-staffordshire,River Dove,9070,2
river-dove-staffordshire,River Dove,2101,3
river-dove-staffordshire,River Dove,2133,4
river-dove-staffordshire,River Dove,2150,5
river-dove-staffordshire,River Dove,9059,6
river-dove-staffordshire,River Dove,2107,7
river-tean,River Tean,2149,1
river-tean,River Tean,9075,2
picknall-brook,Picknall Brook,9104,1
foston-brook,Foston Brook,9088,1
marchington-brook,Marchington Brook,9103,1
rolleston-brook,Rolleston Brook,9102,1
egginton-brook,Egginton Brook,9079,1
hilton-brook,Hilton Brook,9101,1
fowlea-brook,Fowlea Brook,9086,1
lyme-brook,Lyme Brook,9099,1
meece-brook,Meece Brook,9112,1
ridings-brook,Ridings Brook,9107,1
rising-brook,Rising Brook,9084,1
river-blithe,River Blithe,9089,1
river-blithe,River Blithe,9090,2
river-blithe,River Blithe,9081,3
river-penk,River Penk,9067,1
river-penk,River Penk,2123,2
river-sow,River Sow,2122,1
river-sow,River Sow,9076,2
river-sow,River Sow,2105,3
river-swarbourne,River Swarbourne,9091,1
sandyford-brook,Sandyford Brook,9093,1
saredon-brook,Saredon Brook,9108,1
gilwiskaw-brook,Gilwiskaw Brook,9092,1
river-mease,River Mease,9106,1
bourne-brook,Bourne Brook,9111,1
ford-brook,Ford Brook,9087,1
river-anker,River Anker,9064,1
river-anker,River Anker,9063,2
river-anker,River Anker,2112,3
river-blythe,River Blythe,2151,1
river-blythe,River Blythe,2143,2
river-cole-staffordshire,River Cole,2157,1
river-cole-staffordshire,River Cole,2129,2
river-cole-staffordshire,River Cole,9065,3
river-reawest-midlands,River Rea,9066,1
river-reawest-midlands,River Rea,9055,2
river-reawest-midlands,River Rea,2115,3
river-tame-west-midlands,River Tame,9071,1
river-tame-west-midlands,River Tame,9062,2
river-tame-west-midlands,River Tame,2135,3
river-tame-west-midlands,River Tame,2140,4
river-tame-west-midlands,River Tame,9061,5
river-tame-west-midlands,River Tame,2098,6
river-tame-west-midlands,River Tame,2134,7
river-tame-west-midlands,River Tame,2131,8
river-tame-west-midlands,River Tame,9060,9
river-alne,River Alne,2083,1
river-alne,River Alne,2048,2
river-arrow-warwickshire,River Arrow,2047,1
river-arrow-warwickshire,River Arrow,2052,2
clay-coton-brook,Clay Coton Brook,9057,1
river-swift-warwickshire,River Swift,9100,1
river-avon-corsham,River Avon,9123,1
river-avon-warwickshire,River Avon,2042,1
river-avon-warwickshire,River Avon,2043,2
river-avon-warwickshire,River Avon,9072,3
river-avon-warwickshire,River Avon,2044,4
river-avon-warwickshire,River Avon,2046,5
river-avon-warwickshire,River Avon,2234,6
river-avon-warwickshire,River Avon,2002,7
river-avon-warwickshire,River Avon,2049,8
river-avon-warwickshire,River Avon,9025,9
river-avon-warwickshire,River Avon,2056,10
river-avon-warwickshire,River Avon,2050,11
river-sowe,River Sowe,9094,1
river-sowe,River Sowe,9095,2
river-leam,River Leam,2079,1
river-leam,River Leam,2184,2
river-dene-warwickshire,River Dene,9078,1
river-dene-warwickshire,River Dene,2029,2
river-dene-gloucestershire,River Dene,9029,1
finham-brook,Finham Brook,9056,1
canley-brook,Canley Brook,9110,1
canley-brook,Canley Brook,9097,2
river-itchen-warwickshire,River Itchen,2080,1
river-sherbourne,River Sherbourne,9085,1
river-sherbourne,River Sherbourne,9096,2
river-sherbourne,River Sherbourne,9109,3
river-stour-warwickshire,River Stour,2045,1
river-stour-warwickshire,River Stour,2006,2
river-stour-worcestershire,River Stour,2076,1
river-stour-worcestershire,River Stour,2037,2
river-stour-worcestershire,River Stour,2038,3
river-stour-worcestershire,River Stour,9023,4
river-stour-worcestershire,River Stour,2064,5
smestow-brook,Smestow Brook,2091,1
smestow-brook,Smestow Brook,2032,2
bradley-brook,Bradley Brook,3411,1
brinkworth-brook,Brinkworth Brook,9122,1
brinkworth-brook,Brinkworth Brook,3419,2
brislington-brook,Brislington Brook,3032,1
by-brook,By Brook,3022,1
by-brook,By Brook,3040,2
cannington-brook,Cannington Brook,3378,1
cheddar-yeo,Cheddar Yeo,3410,1
winford-brook,Winford Brook,3409,1
congresbury-yeo,Congresbury Yeo,3060,1
dauntsey-brook,Dauntsey Brook,3030,1
doniford-stream,Doniford Stream,9261,1
doniford-stream,Doniford Stream,3087,2
doniford-stream,Doniford Stream,3090,3
gauze-brook,Gauze Brook,3018,1
gwyle,Gwyle,3421,1
hawkcombe-stream,Hawkcombe Stream,3396,1
hillfarrance-brook,Hillfarrance Brook,3084,1
horner-water,Horner Water,3091,1
huish-level-rhyne,Huish Level Rhyne,3065,1
witcombe-bottom-main-drain,Witcombe Bottom Main Drain,3398,1
litton-cheney-stream,Litton Cheney Stream,3288,1
mells-river,Mells River,3024,1
mells-river,Mells River,3050,2
midford-brook,Midford Brook,3045,1
north-drain,North Drain,3053,1
northmoor-main-drain,Northmoor Main Drain,3415,1
northmoor-main-drain,Northmoor Main Drain,3061,2
halse-water,Halse Water,3081,1
river-allen-dorset,River Allen,9007,1
river-allen-dorset,River Allen,3299,2
river-aller,River Aller,3092,1
river-asker,River Asker,3290,1
river-asker,River Asker,3283,2
river-avon-bristol,River Avon,3027,1
river-avon-bristol,River Avon,3016,2
river-avon-bristol,River Avon,3041,3
river-avon-bristol,River Avon,3042,4
river-avon-bristol,River Avon,3043,5
river-avon-bristol,River Avon,3416,6
river-avon-bristol,River Avon,3414,7
river-avon-bristol,River Avon,3037,8
river-avon-bristol,River Avon,3013,9
river-avon-bristol,River Avon,3014,10
sherston-avon,Sherston Avon,3035,1
sherston-avon,Sherston Avon,3408,2
tetbury-avon,Tetbury Avon,3034,1
river-avon-hampshire,River Avon,3323,1
river-avon-hampshire,River Avon,3324,2
river-avon-hampshire,River Avon,3325,3
river-avon-hampshire,River Avon,3374,4
river-avon-hampshire,River Avon,3375,5
river-avon-hampshire,River Avon,3370,6
river-avon-hampshire,River Avon,3315,7
river-avon-hampshire,River Avon,3314,8
river-avon-hampshire,River Avon,3320,9
river-axe-somerset,River Axe,3059,1
river-brit-dorset,River Brit,3281,1
river-brit-dorset,River Brit,3293,2
river-brit-dorset,River Brit,3294,3
river-biss,River Biss,3047,1
river-bride,River Bride,3285,1
river-boyd,River Boyd,3021,1
river-boyd,River Boyd,3039,2
river-brue,River Brue,3056,1
river-brue,River Brue,3055,2
river-brue,River Brue,3057,3
river-brue,River Brue,3058,4
river-cam-somerset,River Cam,3078,1
river-chew,River Chew,3044,1
river-char,River Char,3286,1
somerset-frome,Somerset Frome,3004,1
somerset-frome,Somerset Frome,3382,2
somerset-frome,Somerset Frome,3049,3
bristol-frome,Bristol Frome,3009,1
bristol-frome,Bristol Frome,3023,2
bristol-frome,Bristol Frome,3029,3
bristol-frome,Bristol Frome,3036,4
bristol-frome,Bristol Frome,3413,5
bristol-frome,Bristol Frome,3412,6
dorset-frome,Dorset Frome,3278,1
dorset-frome,Dorset Frome,3277,2
dorset-frome,Dorset Frome,3272,3
dorset-frome,Dorset Frome,3275,4
dorset-frome,Dorset Frome,3280,5
river-isle,River Isle,3076,1
river-isle,River Isle,3077,2
river-isle,River Isle,3380,3
river-lim-dorset,River Lim,3420,1
river-marden,River Marden,3383,1
river-marden,River Marden,3038,2
river-parrett,River Parrett,3075,1
river-parrett,River Parrett,3072,2
river-parrett,River Parrett,3397,3
river-sheppey,River Sheppey,3054,1
river-stour-dorset,River Stour,3297,1
river-stour-dorset,River Stour,3296,2
river-stour-dorset,River Stour,3306,3
river-stour-dorset,River Stour,3305,4
river-stour-dorset,River Stour,3302,5
river-stour-dorset,River Stour,3295,6
river-stour-dorset,River Stour,3303,7
river-stour-dorset,River Stour,3300,8
river-tone,River Tone,3083,1
river-tone,River Tone,3082,2
river-tone,River Tone,3364,3
river-tone,River Tone,9126,4
river-tone,River Tone,9125,5
river-tone,River Tone,3073,6
river-yeo-somerset,River Yeo,3070,1
river-yeo-somerset,River Yeo,3074,2
river-yeo-somerset,River Yeo,3079,3
river-yeo-somerset,River Yeo,3071,4
semington-brook,Semington Brook,3046,1
river-sowy,River Sowy,3399,1
washford-river,Washford River,3089,1
wellow-brook,Wellow Brook,3002,1
wellow-brook,Wellow Brook,3048,2
west-sedgemoor-drain,West Sedgemoor Drain,3066,1
woodbridge-brook,Woodbridge Brook,3017,1
river-wriggle,River Wriggle,3063,1
river-wey-dorset,River Wey,3377,1
river-wey-dorset,River Wey,3287,2
river-wey-dorset,River Wey,3291,3
river-wey-dorset,River Wey,3353,4
ampney-brook,Ampney Brook,7021,1
ampney-brook,Ampney Brook,7022,2
bear-brook,Bear Brook,7091,1
river-blackwater-loddon,River Blackwater,7150,1
river-blackwater-loddon,River Blackwater,7149,2
river-blackwater-loddon,River Blackwater,7143,3
river-blackwater-loddon,River Blackwater,7142,4
river-blackwater-loddon,River Blackwater,7140,5
river-blackwater-loddon,River Blackwater,7137,6
bulstake-stream,Bulstake Stream,7075,1
caker-stream,Caker Stream,7228,1
clanfield-brook,Clanfield Brook,7039,1
cove-brook,Cove Brook,7400,1
dorcan-brook,Dorcan Brook,7029,1
emm-brook,Emm Brook,7153,1
maidenhead-ditch,Maidenhead Ditch,7168,1
foudry-brook,Foudry Brook,7130,1
ginge-brook,Ginge Brook,7082,1
hinksey-stream,Hinksey Stream,9120,1
hinksey-stream,Hinksey Stream,7076,2
hoe-stream,Hoe Stream,7241,1
jubilee-river,Jubilee River,7164,1
law-brook,Law Brook,7237,1
letcombe-brook,Letcombe Brook,7004,1
letcombe-brook,Letcombe Brook,7080,2
letcombe-brook,Letcombe Brook,7079,3
mill-bourne,Mill Bourne,7223,1
petty's-brook,Petty's Brook,7135,1
river-cherwell,River Cherwell,7058,1
river-cherwell,River Cherwell,7059,2
river-cherwell,River Cherwell,7060,3
river-cherwell,River Cherwell,7063,4
river-cherwell,River Cherwell,7064,5
river-cherwell,River Cherwell,7066,6
river-cherwell,River Cherwell,9082,7
river-cherwell,River Cherwell,7071,8
river-cherwell,River Cherwell,9119,9
river-churn,River Churn,7015,1
river-churn,River Churn,7016,2
river-churn,River Churn,7017,3
river-cole-wiltshire,River Cole,7028,1
river-cole-wiltshire,River Cole,7030,2
river-cole-wiltshire,River Cole,7031,3
river-coln,River Coln,7025,1
river-coln,River Coln,7026,2
river-coln,River Coln,7406,3
river-dikler,River Dikler,7041,1
river-dun-berkshire,River Dun,7120,1
river-enborne,River Enborne,7128,1
river-evenlode,River Evenlode,7002,1
river-evenlode,River Evenlode,7050,2
river-evenlode,River Evenlode,9050,3
river-evenlode,River Evenlode,7051,4
river-evenlode,River Evenlode,7053,5
river-evenlode,River Evenlode,7054,6
river-glyme,River Glyme,7052,1
river-hart,River Hart,7148,1
river-hart,River Hart,7147,2
river-hart,River Hart,7146,3
river-hart,River Hart,7145,4
river-kennet,River Kennet,7112,1
river-kennet,River Kennet,7113,2
river-kennet,River Kennet,7118,3
river-kennet,River Kennet,7117,4
river-kennet,River Kennet,7122,5
river-kennet,River Kennet,7129,6
river-kennet,River Kennet,7131,7
river-key,River Key,7013,1
river-lambourn,River Lambourn,7123,1
river-lambourn,River Lambourn,9020,2
river-lambourn,River Lambourn,7126,3
river-lambourn,River Lambourn,9292,4
river-leach,River Leach,7033,1
river-loddon,River Loddon,7154,1
river-loddon,River Loddon,7152,2
river-loddon,River Loddon,7151,3
river-loddon,River Loddon,7138,4
river-loddon,River Loddon,7139,5
river-loddon,River Loddon,7136,6
river-loddon,River Loddon,7134,7
river-ock,River Ock,7077,1
river-ock,River Ock,7078,2
river-ock,River Ock,7081,3
river-ock,River Ock,7402,4
river-og,River Og,7114,1
river-pang,River Pang,7104,1
river-pang,River Pang,7105,2
river-pang,River Pang,7106,3
river-pang,River Pang,7107,4
river-ray,River Ray,7067,1
river-ray,River Ray,7068,2
river-ray,River Ray,7018,3
river-ray,River Ray,7019,4
river-ray,River Ray,7020,5
river-stert,River Stert,7003,1
river-thame,River Thame,7087,1
river-thame,River Thame,7089,2
river-thame,River Thame,7092,3
river-thame,River Thame,7094,4
river-thame,River Thame,7095,5
river-thame,River Thame,7097,6
river-thame,River Thame,7403,7
river-thames,River Thames,7010,1
river-thames,River Thames,7011,2
river-thames,River Thames,7014,3
river-thames,River Thames,7024,4
river-thames,River Thames,7027,5
river-thames,River Thames,7034,6
river-thames,River Thames,7035,7
river-thames,River Thames,7036,8
river-thames,River Thames,7037,9
river-thames,River Thames,7038,10
river-thames,River Thames,7046,11
river-thames,River Thames,7047,12
river-thames,River Thames,7048,13
river-thames,River Thames,7049,14
river-thames,River Thames,7055,15
river-thames,River Thames,7056,16
river-thames,River Thames,7057,17
river-thames,River Thames,7072,18
river-thames,River Thames,7405,19
river-thames,River Thames,7073,20
river-thames,River Thames,7083,21
river-thames,River Thames,7084,22
river-thames,River Thames,7085,23
river-thames,River Thames,7086,24
river-thames,River Thames,7099,25
river-thames,River Thames,7100,26
river-thames,River Thames,7101,27
river-thames,River Thames,7102,28
river-thames,River Thames,7109,29
river-thames,River Thames,7110,30
river-thames,River Thames,7111,31
river-thames,River Thames,7132,32
river-thames,River Thames,7133,33
river-thames,River Thames,7155,34
river-thames,River Thames,7156,35
river-thames,River Thames,7396,36
river-thames,River Thames,7162,37
river-thames,River Thames,7163,38
river-thames,River Thames,7165,39
river-thames,River Thames,7166,40
river-thames,River Thames,7169,41
river-thames,River Thames,7170,42
river-thames,River Thames,7172,43
river-thames,River Thames,7171,44
river-thames,River Thames,7213,45
river-thames,River Thames,7214,46
river-thames,River Thames,7215,47
river-thames,River Thames,7216,48
river-thames,River Thames,7244,49
river-thames,River Thames,7245,50
river-thames,River Thames,7395,51
river-thames,River Thames,7246,52
river-thames,River Thames,7267,53
river-thames,River Thames,7269,54
river-thames,River Thames,7268,55
river-thames,River Thames,7393,56
river-thames,River Thames,7392,57
river-thames,River Thames,7389,58
river-thames,River Thames,7391,59
river-thames,River Thames,7390,60
river-thames,River Thames,7388,61
river-thames,River Thames,9154,62
river-thames,River Thames,7394,63
river-thames,River Thames,7386,64
river-wey-surrey,River Wey,7226,1
river-wey-surrey,River Wey,7227,2
river-wey-surrey,River Wey,7230,3
river-wey-surrey,River Wey,7229,4
river-wey-surrey,River Wey,7231,5
river-wey-surrey,River Wey,7232,6
river-wey-surrey,River Wey,7240,7
river-wey-surrey,River Wey,7401,8
river-wey-surrey,River Wey,7409,9
river-wey-surrey,River Wey,7242,10
river-wey-surrey,River Wey,7243,11
river-whitewater,River Whitewater,7144,1
river-windrush,River Windrush,7040,1
river-windrush,River Windrush,7042,2
river-windrush,River Windrush,7043,3
river-windrush,River Windrush,7044,4
river-windrush,River Windrush,7045,5
river-wye-buckinghamshire,River Wye,7158,1
river-wye-buckinghamshire,River Wye,7161,2
seacourt-stream,Seacourt Stream,7074,1
shill-brook,Shill Brook,7001,1
sor-brook,Sor Brook,7062,1
southcourt-brook,Southcourt Brook,7093,1
swill-brook,Swill Brook,7012,1
addlestone-bourne,Addlestone Bourne,7224,1
addlestone-bourne,Addlestone Bourne,7225,2
chertsey-bourne,Chertsey Bourne,7220,1
chertsey-bourne,Chertsey Bourne,7219,2
chertsey-bourne,Chertsey Bourne,7218,3
chertsey-bourne,Chertsey Bourne,7217,4
the-cut,The Cut,7167,1
the-cut,The Cut,9118,2
the-cut,The Cut,7398,3
river-tillingbourne,River Tillingbourne,7239,1
cranleigh-waters,Cranleigh Waters,7233,1
cranleigh-waters,Cranleigh Waters,7235,2
windle-brook,Windle Brook,7222,1
winterbourne-stream-berkshire,Winterbourne Stream,7125,1
alverthorpe-beck,Alverthorpe Beck,8311,1
alverthorpe-beck,Alverthorpe Beck,8353,2
arkle-beck,Arkle Beck,8168,1
back-delfin,Back Delfin,9147,1
balne-beck,Balne Beck,9046,1
bardsey-beck,Bardsey Beck,8236,1
batley-beck,Batley Beck,9032,1
batley-beck,Batley Beck,8348,2
batley-beck,Batley Beck,8347,3
bedale-beck,Bedale Beck,9142,1
bishop-monkton-beck,Bishop Monkton Beck,8229,1
blackburn-brook,Blackburn Brook,8341,1
blackburn-brook,Blackburn Brook,8261,2
blackfoss-beck,Blackfoss Beck,9144,1
blue-beck,Blue Beck,8332,1
dean-bottom-beck,Dean Bottom Beck,8301,1
bradford-beck,Bradford Beck,9048,1
bramham-beck,Bramham Beck,8329,1
brompton-beck-hambleton,Brompton Beck,8224,1
brompton-beck-derwent,Brompton Beck,8188,1
brook-dike,Brook Dike,8254,1
brough-beck,Brough Beck,8284,1
broughton-beck,Broughton Beck,8035,1
burstwick-drain,Burstwick Drain,8239,1
charlton-brook,Charlton Brook,8318,1
cod-beck,Cod Beck,8286,1
cod-beck,Cod Beck,8287,2
cod-beck,Cod Beck,8063,3
river-crimple,River Crimple,8023,1
cundall-beck,Cundall Beck,8016,1
earby-beck,Earby Beck,8070,1
earby-beck,Earby Beck,8250,2
eastburn-beck,Eastburn Beck,8060,1
glusburn-bridge,Glusburn Bridge,8252,1
eller-beck,Eller Beck,8187,1
farnley-beck,Farnley Beck,8306,1
fenay-beck,Fenay Beck,8260,1
fleet-drain,Fleet Drain,8373,1
fleet-drain,Fleet Drain,8338,2
gypsey-race,Gypsey Race,8029,1
hebden-water,Hebden Water,8152,1
hodge-beck,Hodge Beck,8045,1
hol-beck,Hol Beck,9153,1
holgate-beck,Holgate Beck,8234,1
holme-brook,Holme Brook,9033,1
ings-beck,Ings Beck,8312,1
ings-beck,Ings Beck,8065,2
gowdall-ings,Gowdall Ings,8344,1
levisham-beck,Levisham Beck,8125,1
meanwood-beck,Meanwood Beck,8327,1
mires-beck,Mires Beck,8238,1
oakenshaw-beck,Oakenshaw Beck,8255,1
oulton-beck,Oulton Beck,8075,1
pickering-beck,Pickering Beck,8126,1
pickering-beck,Pickering Beck,9005,2
pickering-beck,Pickering Beck,8161,3
pickering-beck,Pickering Beck,8330,4
pocklington-beck,Pocklington Beck,8279,1
porter-brook,Porter Brook,8339,1
porter-brook,Porter Brook,8340,2
river-aire,River Aire,8083,1
river-aire,River Aire,8189,2
river-aire,River Aire,8054,3
river-aire,River Aire,8112,4
river-aire,River Aire,8199,5
river-aire,River Aire,8345,6
river-aire,River Aire,8056,7
river-aire,River Aire,8346,8
river-aire,River Aire,9017,9
river-aire,River Aire,8120,10
river-aire,River Aire,8009,11
river-aire,River Aire,8061,12
river-aire,River Aire,9151,13
river-aire,River Aire,9152,14
river-aire,River Aire,8079,15
river-aire,River Aire,8320,16
river-aire,River Aire,8042,17
river-aire,River Aire,8077,18
river-aire,River Aire,8122,19
river-aire,River Aire,9042,20
river-aire,River Aire,8017,21
river-aire,River Aire,8350,22
river-aire,River Aire,8294,23
river-aire,River Aire,8041,24
river-aire,River Aire,8003,25
snaith-ings,Snaith Ings,8351,1
wheelan-dyke,Wheelan Dyke,9036,1
river-calder-yorkshire,River Calder,8305,1
river-calder-yorkshire,River Calder,8205,2
river-calder-yorkshire,River Calder,8343,3
river-calder-yorkshire,River Calder,8097,4
river-calder-yorkshire,River Calder,9167,5
river-calder-yorkshire,River Calder,8048,6
river-calder-yorkshire,River Calder,9031,7
river-calder-yorkshire,River Calder,8191,8
river-calder-yorkshire,River Calder,8298,9
river-calder-yorkshire,River Calder,8073,10
river-calder-yorkshire,River Calder,8032,11
river-calder-yorkshire,River Calder,8096,12
river-calder-yorkshire,River Calder,8124,13
river-calder-yorkshire,River Calder,8066,14
river-calder-yorkshire,River Calder,8100,15
river-calder-yorkshire,River Calder,8209,16
river-calder-yorkshire,River Calder,8134,17
river-colne-yorkshire,River Colne,8258,1
river-colne-yorkshire,River Colne,8317,2
river-colne-yorkshire,River Colne,8105,3
river-colne-yorkshire,River Colne,8053,4
river-dearne,River Dearne,8240,1
river-dearne,River Dearne,8062,2
river-dearne,River Dearne,8015,3
river-dearne,River Dearne,8101,4
river-dearne,River Dearne,8064,5
river-dearne,River Dearne,8027,6
river-dearne,River Dearne,8002,7
river-derwent-yorkshire,River Derwent,8214,1
river-derwent-yorkshire,River Derwent,8132,2
river-derwent-yorkshire,River Derwent,8131,3
river-derwent-yorkshire,River Derwent,8130,4
river-derwent-yorkshire,River Derwent,8039,5
river-derwent-yorkshire,River Derwent,8280,6
river-derwent-yorkshire,River Derwent,8074,7
river-derwent-yorkshire,River Derwent,8037,8
river-doe-lea,River Doe Lea,8197,1
river-don,River Don,8247,1
river-don,River Don,8323,2
river-don,River Don,8248,3
river-don,River Don,8090,4
river-don,River Don,8174,5
river-don,River Don,8175,6
river-don,River Don,8115,7
river-don,River Don,8135,8
river-don,River Don,8349,9
river-don,River Don,8067,10
river-don,River Don,8242,11
river-don,River Don,8259,12
river-dove-south-yorkshire,River Dove,8241,1
river-dove-north-yorkshire,River Dove,8117,1
river-drone,River Drone,8069,1
river-esk-yorkshire,River Esk,8331,1
river-esk-yorkshire,River Esk,8232,2
river-esk-yorkshire,River Esk,8233,3
river-esk-yorkshire,River Esk,8216,4
river-foss,River Foss,8235,1
river-foulness,River Foulness,9141,1
river-foulness,River Foulness,8282,2
river-hipper,River Hipper,8300,1
river-hipper,River Hipper,8047,2
river-hipper,River Hipper,8295,3
river-holme,River Holme,8342,1
river-holme,River Holme,8165,2
west-beck,West Beck,9146,1
river-hull,River Hull,8385,1
river-hull,River Hull,8381,2
river-hull,River Hull,8281,3
river-hull,River Hull,8335,4
river-hull,River Hull,8103,5
river-kyle,River Kyle,9143,1
river-laver,River Laver,8171,1
river-loxley,River Loxley,8249,1
river-loxley,River Loxley,9038,2
river-nidd,River Nidd,8086,1
river-nidd,River Nidd,8160,2
river-nidd,River Nidd,8021,3
river-nidd,River Nidd,8121,4
river-nidd,River Nidd,8104,5
river-nidd,River Nidd,8186,6
river-ouse-yorkshire,River Ouse,8140,1
river-ouse-yorkshire,River Ouse,8184,2
river-ouse-yorkshire,River Ouse,8208,3
river-ouse-yorkshire,River Ouse,8081,4
river-ouse-yorkshire,River Ouse,8145,5
river-ouse-yorkshire,River Ouse,8044,6
river-ouse-yorkshire,River Ouse,8180,7
river-ouse-yorkshire,River Ouse,8179,8
river-ouse-yorkshire,River Ouse,8084,9
river-ouse-yorkshire,River Ouse,8024,10
river-riccal,River Riccal,8153,1
river-rother-yorkshire,River Rother,9034,1
river-rother-yorkshire,River Rother,8091,2
river-rother-yorkshire,River Rother,8296,3
river-rother-yorkshire,River Rother,8217,4
river-rother-yorkshire,River Rother,8114,5
river-rother-yorkshire,River Rother,9045,6
river-rother-yorkshire,River Rother,9044,7
river-rother-yorkshire,River Rother,8253,8
river-ryburn,River Ryburn,8172,1
river-ryburn,River Ryburn,8309,2
catcliffe-drain,Catcliffe Drain,8322,1
river-rye,River Rye,8033,1
river-rye,River Rye,8147,2
river-rye,River Rye,8102,3
river-seven-yorkshire,River Seven,8183,1
river-seven-yorkshire,River Seven,8148,2
river-sheaf,River Sheaf,8299,1
river-sheaf,River Sheaf,8308,2
river-sheaf,River Sheaf,8099,3
river-sheaf,River Sheaf,9040,4
river-skell,River Skell,8006,1
river-swale-yorkshire,River Swale,8159,1
river-swale-yorkshire,River Swale,8089,2
river-swale-yorkshire,River Swale,8169,3
river-swale-yorkshire,River Swale,8043,4
river-swale-yorkshire,River Swale,8371,5
river-swale-yorkshire,River Swale,8059,6
river-swale-yorkshire,River Swale,8144,7
river-tutt,River Tutt,8227,1
river-ure,River Ure,8011,1
river-ure,River Ure,8113,2
river-ure,River Ure,8133,3
river-ure,River Ure,8176,4
river-ure,River Ure,8215,5
river-ure,River Ure,8028,6
river-ure,River Ure,8004,7
river-went,River Went,8245,1
river-went,River Went,8210,2
river-went,River Went,9041,3
river-went,River Went,8246,4
river-wharfe,River Wharfe,8110,1
river-wharfe,River Wharfe,8276,2
river-wharfe,River Wharfe,8277,3
river-wharfe,River Wharfe,8001,4
river-wharfe,River Wharfe,8106,5
river-wharfe,River Wharfe,8156,6
river-wharfe,River Wharfe,8163,7
river-wharfe,River Wharfe,8010,8
river-wharfe,River Wharfe,8052,9
river-wharfe,River Wharfe,8080,10
river-wharfe,River Wharfe,8202,11
river-wharfe,River Wharfe,9053,12
river-wharfe,River Wharfe,8050,13
river-wharfe,River Wharfe,8278,14
river-wharfe,River Wharfe,8078,15
river-whitting,River Whitting,8181,1
river-wiske,River Wiske,8207,1
river-wiske,River Wiske,8116,2
river-worth,River Worth,8303,1
river-worth,River Worth,8109,2
river-worth,River Worth,9037,3
sea-cut,Sea Cut,8178,1
silsden-beck,Silsden Beck,8326,1
sour-beck,Sour Beck,8283,1
spen-beck,Spen Beck,8256,1
spen-beck,Spen Beck,8149,2
tang-hall-beck,Tang Hall Beck,8328,1
bielby-beck,Bielby Beck,9145,1
thornton-beck,Thornton Beck,8231,1
walsden-water,Walsden Water,8211,1
walsden-water,Walsden Water,8310,2
wash-dike,Wash Dike,8304,1
wash-dike,Wash Dike,8257,2
whiston-brook,Whiston Brook,9043,1
willow-beck,Willow Beck,8225,1
willow-beck,Willow Beck,8285,2
wortley-beck,Wortley Beck,9117,1
wyke-beck,Wyke Beck,8251,1
wyke-beck,Wyke Beck,8316,2
bechan-brook,Bechan Brook,4259,1
bickerly-mill-stream,Bickerly Mill Stream,9227,1
blacup-beck,Blacup Beck,8297,1
bloxham-brook,Bloxham Brook,7061,1
bridgehouse-beck,Bridgehouse Beck,9039,1
broughton-brook,Broughton Brook,6164,1
brownwich-stream,Brownwich Stream,9176,1
bumpstead-brook,Bumpstead Brook,6133,1
burrow-beck,Burrow Beck,5185,1
bury-brook,Bury Brook,6256,1
camlad,Camlad,4263,1
ceiriog,Ceiriog,4162,1
chalgrove-brook,Chalgrove Brook,7404,1
chew-stoke-brook,Chew Stoke Brook,3031,1
chitterne-brook,Chitterne Brook,3321,1
clackers-brook,Clackers Brook,9279,1
coal-burn,Coal Burn,5033,1
colliters-brook,Colliters Brook,3033,1
cragg-brook,Cragg Brook,8321,1
currymoor-drain,Currymoor Drain,3064,1
docken's-water,Docken's Water,3313,1
ea-beck,Ea Beck,8243,1
ea-beck,Ea Beck,8244,2
ea-beck,Ea Beck,8151,3
east-clandon-stream,East Clandon Stream,7238,1
emral-brook,Emral Brook,4168,1
eridge-stream,Eridge Stream,1076,1
ewelme-brook,Ewelme Brook,7098,1
field-drain,Field Drain,2094,1
flood-channel,Flood Channel,2096,1
ford-green-brook,Ford Green Brook,9098,1
foston-beck,Foston Beck,6066,1
fowler-bridge-drain,Fowler Bridge Drain,9288,1
gaddesby-brook,Gaddesby Brook,2214,1
gelyn,Gelyn,4164,1
glen-stream,Glen Stream,3234,1
haw-beck,Haw Beck,8094,1
heighington-beck,Heighington Beck,6061,1
honddu,Honddu,4031,1
hovingham-beck,Hovingham Beck,8230,1
hughenden-stream,Hughenden Stream,7159,1
huntingfield-watercourse,Huntingfield Watercourse,6090,1
irfon,Irfon,4001,1
irfon,Irfon,4010,2
ithon,Ithon,4018,1
ithon,Ithon,4012,2
kenwith-stream,Kenwith Stream,3405,1
kingsclere-brook,Kingsclere Brook,7127,1
landkey-brook,Landkey Brook,3107,1
lands-beck,Lands Beck,8302,1
langford-brook,Langford Brook,7069,1
little-salt-moor-rhyne,Little Salt Moor Rhyne,3400,1
littlemead-brook,Littlemead Brook,7234,1
lledan-brook,Lledan Brook,2089,1
llynfi,Llynfi,4032,1
lochinver-beck,Lochinver Beck,5213,1
longload-main-drain,Longload Main Drain,3379,1
manacan-river,Manacan River,3388,1
mangerton-brook,Mangerton Brook,3284,1
marston-meysey-brook,Marston Meysey Brook,7023,1
maud-foster/stonebridge-drain,Maud Foster/Stonebridge Drain,6230,1
meadlake-ditch,Meadlake Ditch,7408,1
mearley-brook,Mearley Brook,5222,1
merrow-common-stream,Merrow Common Stream,7236,1
mill-brook,Mill Brook,7103,1
monksilver-stream,Monksilver Stream,3086,1
monnow,Monnow,4015,1
monnow,Monnow,4049,2
monnow,Monnow,4024,3
moors-river,Moors River,3301,1
nazeing-brook,Nazeing Brook,7360,1
nettleham-beck,Nettleham Beck,9287,1
nunney-brook,Nunney Brook,3005,1
oakington-brook,Oakington Brook,6295,1
oldbury-naite-rhyne,Oldbury Naite Rhyne,9291,1
petersfield-stream,Petersfield Stream,9234,1
petersfield-stream,Petersfield Stream,9233,2
pimlico-brook,Pimlico Brook,5192,1
praze-stream,Praze Stream,3158,1
quy-water,Quy Water,6272,1
river-alt,River Alt,5078,1
river-banwy,River Banwy,2062,1
river-bela,River Bela,5163,1
river-biss,River Biss,9121,1
river-blakewater,River Blakewater,5064,1
river-bourne-wiltshire,River Bourne,3311,1
river-bourne-wiltshire,River Bourne,3310,2
river-bourne-wiltshire,River Bourne,3319,3
river-bourne-wiltshire,River Bourne,3309,4
river-brathay,River Brathay,5161,1
river-brun,River Brun,5224,1
river-bull,River Bull,1156,1
river-bull,River Bull,1154,2
river-cain,River Cain,4261,1
river-cain,River Cain,4262,2
river-cale,River Cale,3298,1
river-clywedog,River Clywedog,2054,1
river-conder,River Conder,5054,1
river-dee,River Dee,4152,1
river-dee,River Dee,4241,2
river-dee,River Dee,4163,3
river-dee,River Dee,4165,4
river-dee,River Dee,4170,5
river-dee,River Dee,4173,6
river-dee,River Dee,4176,7
river-dee,River Dee,4178,8
river-dore,River Dore,4027,1
river-dulas,River Dulas,2017,1
river-ebble,River Ebble,3371,1
river-ebble,River Ebble,3318,2
river-elan,River Elan,4008,1
river-ellen,River Ellen,5024,1
river-fromus,River Fromus,6092,1
river-gelt,River Gelt,5074,1
river-glenderamackin,River Glenderamackin,5140,1
river-gowan,River Gowan,9131,1
old-bedford-river,Old Bedford River,6252,1
old-bedford-river,Old Bedford River,6261,2
old-bedford-river,Old Bedford River,6245,3
river-hindburn,River Hindburn,5156,1
river-hodder,River Hodder,5071,1
river-hooke,River Hooke,3271,1
river-hyndburn,River Hyndburn,5223,1
river-irthing,River Irthing,5183,1
river-keekle,River Keekle,5131,1
river-keer,River Keer,5068,1
riseley-brook,Riseley Brook,6160,1
river-lin,River Lin,9016,1
river-lod,River Lod,1009,1
river-lydden,River Lydden,3307,1
river-lowther,River Lowther,5170,1
river-lowther,River Lowther,5169,2
river-mint,River Mint,5098,1
river-nadder,River Nadder,3330,1
river-nadder,River Nadder,3329,2
river-piddle,River Piddle,3276,1
river-piddle,River Piddle,3270,2
river-piddle,River Piddle,3269,3
river-rawthey,River Rawthey,5020,1
river-rothay,River Rothay,5162,1
river-shalbourne,River Shalbourne,7121,1
river-snail,River Snail,6267,1
river-sprint,River Sprint,5130,1
river-tud,River Tud,6096,1
river-vyrnwy,River Vyrnwy,2020,1
river-vyrnwy,River Vyrnwy,2035,2
river-vyrnwy,River Vyrnwy,2060,3
river-vyrnwy,River Vyrnwy,2003,4
river-winterbourne,River Winterbourne,3376,1
river-wylye,River Wylye,3322,1
river-wylye,River Wylye,3326,2
river-wylye,River Wylye,3327,3
roall-dyke,Roall Dyke,8352,1
roe-beck,Roe Beck,5135,1
ruskington-beck,Ruskington Beck,6299,1
sampford-brett-stream,Sampford Brett Stream,9273,1
shreen-water,Shreen Water,3308,1
shreen-water,Shreen Water,3372,2
sincil-dyke,Sincil Dyke,6054,1
snaizeholme-beck,Snaizeholme Beck,8127,1
somborne-stream,Somborne Stream,9228,1
south-brook,South Brook,9280,1
spring-brook,Spring Brook,7316,1
st-james-stream,St James Stream,7317,1
stock-beck,Stock Beck,5226,1
stock-beck,Stock Beck,5215,2
stock-beck,Stock Beck,5233,3
stonham-watercourse,Stonham Watercourse,6084,1
sulham-brook,Sulham Brook,7108,1
sutton-beck,Sutton Beck,9268,1
swalecliffe-brook,Swalecliffe Brook,9276,1
swan-brook,Swan Brook,3263,1
swan-brook,Swan Brook,3333,2
swinney-beck,Swinney Beck,8228,1
sydling-water,Sydling Water,3273,1
trawden-brook,Trawden Brook,5187,1
trothy,Trothy,4021,1
tryweryn,Tryweryn,4153,1
wendlebury-brook,Wendlebury Brook,7070,1
wendling-beck,Wendling Beck,6097,1
wendover-springs,Wendover Springs,7090,1
west-bank-pond,West Bank Pond,8324,1
west-moor-drain,West Moor Drain,3381,1
west-okement-river,West Okement River,3105,1
white-water-dyke,White Water Dyke,1144,1
whitley-beck,Whitley Beck,9285,1
whitley-brook,Whitley Brook,9035,1
windermere,Windermere,5164,1
wych-brook,Wych Brook,4192,1
